areacode,mean_biwf,mean_l4_agbd,n_gedi_shots
LOP01h,0,10.405506134033203,2
LOP03h,0.9899605861114189,20.579132080078125,3
LOP07h,71.1281492049035,296.68670654296875,1
LOP08h,92.75887870550983,398.80645751953125,2
LOP09h,74.30698143520321,337.89149475097656,2
LOP12h,21.93880848954168,90.45609283447266,1
MAB04h,75.83119650478973,339.50968170166016,2
MAB05h,69.86143206156389,332.8814697265625,1
MON02h,35.20713429235525,155.5268325805664,2
MON21Ah,26.101000636901503,121.69010925292969,1
