areacode,mean_biwf,mean_l4_agbd,n_gedi_shots
LOP01h,0,10.405506134033203,2
LOP03h,0.5569660564263428,20.579132080078125,3
LOP07h,37.392045374796034,296.68670654296875,1
LOP08h,46.983214103911365,398.80645751953125,2
LOP09h,38.04683852199687,337.89149475097656,2
LOP12h,13.223843955365682,90.45609283447266,1
MAB04h,39.12279382150155,339.50968170166016,2
MAB05h,36.40175803498656,332.8814697265625,1
MON02h,20.203822653351455,155.5268325805664,2
MON21Ah,15.34068602251754,121.69010925292969,1
